title,publishedAt,source
The $14 Billion AI Google Killer,2025-06-22T15:25:16Z,Gizmodo.com
"Watch as the Star of ‘Murderbot’ Finally, Begrudgingly Learns How to Speak Human",2025-06-18T13:00:03Z,Gizmodo.com
"Apple Slashes 2024 M4 Mac Mini Price Below Black Friday, Feels Like a Surprise Clearout Sale on Amazon",2025-06-17T12:10:18Z,Gizmodo.com
"Apple Slashes M4 Mac Mini Price Way Below Black Friday, Feels Like a Surprise Clearout Sale on Amazon",2025-06-19T12:16:18Z,Gizmodo.com
Nomad’s minimalist MagSafe wallet has a tracking card built in,2025-06-23T17:04:52Z,The Verge
"OpenAI and Jony Ive’s ‘io’ brand has vanished, but their AI hardware deal remains",2025-06-22T21:44:27Z,The Verge
"Apple’s 2025 MacBook Air With M4 Chip Hits All-Time Low, Limited Units Available for Early Prime Day",2025-06-19T13:10:17Z,Gizmodo.com
Apple Considers Using Generative AI for Faster Apple Silicon Design,2025-06-19T11:01:04Z,MacRumors
"Apple should ditch Siri for Gemini and Google Cloud, here's why",2025-06-17T07:00:00Z,Android Central
NFC is getting a range boost,2025-06-18T16:12:11Z,The Verge
"Apple Celebrates New Store in Perth, Australia With a Special Wallpaper",2025-06-20T03:17:22Z,MacRumors
Discounted Apple Watch Series 10 Now Available From Apple's U.S. Refurbished Store,2025-06-17T19:46:44Z,MacRumors
AirPods Pro 2 Are Back at Their Lowest Price as Apple Clears Out Limited Stock on Amazon,2025-06-18T12:10:04Z,Gizmodo.com
Good News: Two of Apple TV+’s Most Slept-On Sci-Fi Shows Have Hopeful Plans for More,2025-06-23T16:15:27Z,Gizmodo.com
Apple Card Offering Limited-Time Welcome Bonus,2025-06-18T20:18:21Z,MacRumors
Google tests real-time AI voice chats in Search,2025-06-18T15:48:03Z,The Verge
Apple Releases iOS 18.6 Public Beta,2025-06-18T17:24:28Z,MacRumors
Apple Seeds Second Beta of macOS Tahoe,2025-06-23T17:08:15Z,MacRumors
Apple Saves $300 Million After Appeals Court Win in LTE Patent Fight,2025-06-17T19:30:16Z,MacRumors
It's Not Just You: Apple Intelligence is Down on iOS 26 and Other Betas,2025-06-20T01:29:02Z,MacRumors
Apple Sued by Shareholder Over Delayed Siri Features Allegedly Lowering Stock Price,2025-06-20T21:05:12Z,MacRumors
Apple Arcade Game Fruit Ninja Launches Limited-Time Bluey Events,2025-06-19T16:53:02Z,MacRumors
Amazon Rebuilt Alexa Using a ‘Staggering’ Amount of AI Tools,2025-06-18T18:29:22Z,Wired
"Spotify’s HiFi lossless streaming might really, finally, actually be coming soon",2025-06-19T18:40:35Z,The Verge
The Verge’s guide to Amazon Prime Day 2025,2025-06-20T23:07:11Z,The Verge
Apple Pulls 'Convince Your Parents to Get You a Mac' Ad From YouTube,2025-06-21T14:54:24Z,MacRumors
Samsung’s entry-level Galaxy Watch 7 has returned to its best price to date,2025-06-21T16:02:03Z,The Verge
"Apple Escapes Immediate EU Fines, But Penalties Still Likely",2025-06-20T13:50:26Z,MacRumors
Apple Shares New 'Shot on iPhone 16 Pro' Short Film,2025-06-18T19:30:09Z,MacRumors
Will Apple Release an iPhone 17e? Here's What We Know,2025-06-23T09:33:45Z,MacRumors
watchOS 26 Adding a Smaller Yet Useful New Watch Face Setting,2025-06-23T16:39:36Z,MacRumors
Apple Seeds Second Developer Betas of iOS 26 and iPadOS 26,2025-06-23T17:07:27Z,MacRumors
Apple Hit With Class Action Lawsuit Over iCloud Backups,2025-06-18T12:49:38Z,MacRumors
2027 iPhone Air Could Debut Power-Saving LTPO3 OLED Display,2025-06-18T10:19:50Z,MacRumors
Apple Internally Discussing Whether to Bid to Acquire Perplexity AI,2025-06-20T21:40:59Z,MacRumors
John Gruber Reacts to Apple Declining His Interview After His Criticism,2025-06-19T03:10:03Z,MacRumors
YouTube Music is borrowing this handy feature from Spotify and Apple Music,2025-06-17T21:18:10Z,Android Central
iPhone Sales Jump 15% in April-May as Apple Reclaims China Lead,2025-06-17T11:05:20Z,MacRumors
Life with the Nintendo Switch 2,2025-06-17T12:15:27Z,The Verge
Facebook rolls out passkey support to fight phishing attacks,2025-06-18T17:14:22Z,The Verge
Apple Shares PowerPoint Presentation That Can Help Convince Your Parents to Buy You a Mac,2025-06-20T13:42:53Z,MacRumors
"iOS 26 Adding Two New Wi-Fi Features, Allows AirDrop and AirPlay Alternatives",2025-06-21T14:02:21Z,MacRumors
Apple's Foldable iPhone Production to Begin This Fall for 2026 Release,2025-06-18T17:12:05Z,MacRumors
This smart light has party speaker aspirations,2025-06-18T15:00:33Z,The Verge
"Apple, Siri, and the booted blogger: A Conversation with John Gruber",2025-06-18T22:04:03Z,Business Insider
A massive trove of 16 billion stolen passwords was discovered — here's what to do,2025-06-20T17:46:33Z,Business Insider
iPhone 17 Colors: All the Rumors So Far,2025-06-23T10:10:24Z,MacRumors
"Top Stories: Why iPads Don't Run macOS, iOS 26 and macOS Tahoe Changes, and More",2025-06-21T13:00:00Z,MacRumors
How to Install the macOS Tahoe Developer Beta,2025-06-18T14:20:14Z,MacRumors
The new Lenovo Chromebook Plus 14 could be the 'Apple M1 moment' we've been waiting for,2025-06-23T16:21:15Z,Android Central
Craig Federighi Explains Why Apple Won't Merge iPad and Mac: 'We Don't Want to Build Sporks',2025-06-18T18:43:54Z,MacRumors
Apple Explains Why iPhone Mirroring Remains Unavailable in the EU on macOS Tahoe,2025-06-19T01:53:26Z,MacRumors
iOS 26 Includes These Five Smaller Features You Might Have Missed,2025-06-21T18:18:37Z,MacRumors
"Truth, lies, and the Trump Phone",2025-06-20T13:11:29Z,The Verge
Apple’s tiny M4 Mac mini has dropped to its lowest price yet,2025-06-20T17:32:21Z,The Verge
Apple Lowers iPhone Trade-In Values as Limited-Time Promotion Ends,2025-06-19T12:47:43Z,MacRumors
"Apple Seeds Second watchOS 26, tvOS 26, and visionOS 26 Developer Betas",2025-06-23T17:06:00Z,MacRumors
Apple Adds Energy and Battery Labels to iPhone and iPad Pages in EU,2025-06-20T17:08:24Z,MacRumors
Bringing an Obscure Apple Operating System to Modern Hardware,2025-06-17T05:00:17Z,Hackaday
iOS 26 Allows Cinematic Mode Video Recording in Third-Party Apps,2025-06-21T20:56:22Z,MacRumors
iPhone 17 Base Model Rumored to Come in New Purple and Green Colors,2025-06-20T14:24:06Z,MacRumors
Facebook Now Supports Passkeys for Passwordless Login on iPhone and iPad,2025-06-18T22:46:14Z,MacRumors
Apple Adds Energy and Battery Labels To iPhone and iPad Pages In EU,2025-06-21T01:30:00Z,Slashdot.org
Apple Pulls 'Convince Your Parents To Get You a Mac' Ad From YouTube,2025-06-23T15:20:00Z,Slashdot.org
Foxconn to Start Making iPhone Casings in India,2025-06-20T11:59:09Z,MacRumors
macOS Tahoe Beta Drops FireWire Support,2025-06-19T14:37:04Z,MacRumors
"If You Own a Samsung Galaxy Phone, the SmartTag 2 (Much Like the AirTag) Is Nearly Free",2025-06-19T13:25:39Z,Gizmodo.com
iPadOS 26 Local Capture Feature Solves iPad's Podcasting Problem,2025-06-23T12:32:16Z,MacRumors
Amazon Takes Up to $150 Off M4 Mac Mini With New All-Time Low Prices,2025-06-19T14:44:16Z,MacRumors
iPadOS 26 Expands Stage Manager to These iPad Models,2025-06-23T00:48:38Z,MacRumors
"Apple's 2025 Back to School Sale Now Live, Offering Free Accessories With Purchases",2025-06-17T12:04:25Z,MacRumors
See iPadOS 26 Multitasking in Action,2025-06-17T17:29:31Z,MacRumors
Apple shareholders sue over Apple Intelligence and Siri delays,2025-06-20T20:03:26Z,9to5Mac
Apple typewriter ban memo,2025-06-21T21:16:44Z,Blogspot.com
iOS 26's New Battery Life Mode Available Only on These iPhone Models,2025-06-21T16:02:04Z,MacRumors
iOS 26: Five Changes Coming to Your iPhone Lock Screen,2025-06-17T15:46:41Z,MacRumors
The MacRumors Show: WWDC 2025 Rumors—What Was Right and Wrong?,2025-06-20T15:47:16Z,MacRumors
"Best Apple Deals of the Week: Shop Low Prices on AirPods Pro 2 and AirPods 4, Plus Anker's Charging Sale",2025-06-20T17:12:49Z,MacRumors
"Get Up to $400 Off M4 MacBook Pro on Amazon, Starting at $1,399",2025-06-18T14:07:52Z,MacRumors
Satechi's New Accessory Lets You Add Up to 8TB of Storage to Mac Mini,2025-06-17T16:00:00Z,MacRumors
iOS 26 Beta is Hiding a New Ringtone — Here's What It Sounds Like,2025-06-20T02:25:01Z,MacRumors
iOS 26 Lets You Set Custom Ringtones Without Using GarageBand,2025-06-17T18:16:20Z,MacRumors
The Atlantic is making a big push into games,2025-06-17T02:25:12Z,The Verge
iPhone 18's Advanced A20 Chip Packaging Gains Momentum at TSMC,2025-06-23T11:03:56Z,MacRumors
"Amazon Clearing Out Smart TVs, This 42″ Full HD Model Sold for Peanuts Before Prime Day",2025-06-17T20:12:56Z,Gizmodo.com
Pornhub Back Online in France After Court Ruling About Age Verification,2025-06-20T17:15:51Z,Gizmodo.com
This 6-in-1 Anker Desktop Charger Costs About as Much as Going Out for Lunch,2025-06-20T16:10:07Z,Gizmodo.com
"Amazon Takes Up to $55 Off 11th Gen iPad, Starting at $299",2025-06-23T13:52:28Z,MacRumors
Apple introduces new limited-time Apple Card sign-up offer: Earn $100 in Daily Cash,2025-06-18T16:11:22Z,9to5Mac
Brad Pitt and Tim Cook surprise fans at Apple Fifth Avenue ahead of ‘F1 The Movie’ release,2025-06-17T00:58:51Z,9to5Mac
Apple opens registrations for in-person Apple Camp 2025,2025-06-18T16:30:47Z,AppleInsider
Will last-gen Galaxy and Pixel Watches die this year...and should they?,2025-06-19T19:44:20Z,Android Central
Apple @ Work Podcast: Breaking down multi-display support on the Mac,2025-06-17T10:00:00Z,9to5Mac
iOS 26 Improves Screenshots in Three Ways,2025-06-17T21:24:05Z,MacRumors
"Anker Offers MacRumors Readers 20% Off Collection of Chargers, Hubs, Batteries, and More",2025-06-17T17:47:01Z,MacRumors
Spotify Preparing to Launch Long-Awaited Lossless Audio Tier on iPhone,2025-06-19T20:46:32Z,MacRumors
Review: ViewSonic's VP2788-5K Display Offers a Cheaper Alternative to Apple's Studio Display,2025-06-19T20:24:57Z,MacRumors
"tvOS 26 beta 2 is now available with Apple TV app redesign, more",2025-06-23T17:06:59Z,9to5Mac
Taylor Swift once put Apple on blast and prompted big Apple Music change,2025-06-18T20:23:09Z,9to5Mac
Apple continues F1 movie marketing blitz with new immersive hot lap experience on Apple Vision Pro,2025-06-19T11:14:55Z,9to5Mac
